City_ID,City,Lat,Lng,Max Temp,Humidity,Cloudiness,Wind Speed,Country,Date
0,vorgashor,67.5833,63.95,275.26,96,100,3.36,RU,1717968397
1,blackmans bay,-43.0167,147.3167,277.89,86,7,0.89,AU,1717968397
2,port-aux-francais,-49.35,70.2167,278.18,95,100,15.31,TF,1717968397
3,talnakh,69.4865,88.3972,276.6,98,100,1.72,RU,1717968397
4,dudinka,69.4058,86.1778,276.86,94,100,3.58,RU,1717968397
5,fort mcmurray,56.7268,-111.381,286.92,50,100,3.09,CA,1717968397
6,petropavlovsk-kamchatsky,53.0452,158.6483,288.48,63,75,6.26,RU,1717968397
7,nueva palestina,15.8,-92.75,301.72,74,99,2.37,MX,1717968397
8,isafjordur,66.0755,-23.124,278.42,81,84,2.2,IS,1717968398
9,nadi,-17.8,177.4167,298.15,61,20,2.57,FJ,1717968398
10,college,64.8569,-147.8028,299.51,30,75,4.63,US,1717968398
11,eirunepe,-6.6603,-69.8736,303.04,59,57,1.02,BR,1717968398
12,ushuaia,-54.8,-68.3,270.96,86,0,2.06,AR,1717968398
13,igarka,67.4667,86.5833,280.38,95,77,6.26,RU,1717968398
14,bilibino,68.0546,166.4372,282.73,50,12,1.41,RU,1717968398
15,bethel,41.3712,-73.414,296.83,59,75,4.12,US,1717968398
16,la passe,45.5549,-0.8967,290.36,80,2,4.95,FR,1717968398
17,vilyuchinsk,52.9306,158.4028,289.3,81,95,3.57,RU,1717968399
18,wingham,43.8879,-81.3114,286.67,84,100,6.56,CA,1717968399
19,papatowai,-46.5619,169.4708,280.87,86,100,5.0,NZ,1717968399
20,mahibadhoo,3.7833,72.9667,301.8,75,91,5.97,MV,1717968399
21,iskateley,67.6803,53.1512,274.83,87,100,4.47,RU,1717968399
22,belev,53.8119,36.1319,289.12,75,100,2.43,RU,1717968399
23,hamilton,39.1834,-84.5333,299.94,45,75,5.66,US,1717968272
24,nyuzen,36.9333,137.5,292.54,84,100,1.66,JP,1717968399
25,bredasdorp,-34.5322,20.0403,283.38,91,12,1.32,ZA,1717968400
26,castillos,-34.1667,-53.8333,294.9,77,67,5.66,UY,1717968400
27,lovington,32.944,-103.3485,305.62,23,92,10.06,US,1717968277
28,tongliao,43.6125,122.2653,292.38,48,67,4.98,CN,1717968400
29,brisas de zicatela,15.8369,-97.0419,305.44,58,75,3.6,MX,1717968400
30,albany,42.6001,-73.9662,294.12,60,18,0.89,US,1717968168
31,cabo san lucas,22.8909,-109.9124,299.05,73,0,6.17,MX,1717968303
32,tazacorte,28.629,-17.9293,294.69,91,100,6.17,ES,1717968401
33,hajjah,15.6943,43.6058,298.72,37,7,0.91,YE,1717968402
34,las heras,-46.5419,-68.9359,277.85,86,33,3.8,AR,1717968402
35,quelimane,-17.8786,36.8883,293.12,88,20,3.41,MZ,1717968402
36,wynyard,-41.0,145.7167,279.28,80,3,3.23,AU,1717968402
37,punta arenas,-53.15,-70.9167,275.21,80,75,3.09,CL,1717968116
38,magadan,59.5667,150.8,277.89,94,100,1.28,RU,1717968402
39,grytviken,-54.2811,-36.5092,266.49,76,20,5.8,GS,1717968402
40,springbok,-29.6643,17.8865,287.46,39,0,6.64,ZA,1717968402
41,wailua homesteads,22.0669,-159.378,301.39,73,0,5.66,US,1717968402
42,carnarvon,-24.8667,113.6333,294.07,83,99,3.56,AU,1717968403
43,pimentel,-6.8367,-79.9342,295.31,64,0,7.2,PE,1717968403
44,waitangi,-43.9535,-176.5597,286.38,95,100,5.81,NZ,1717968403
45,salahonda,2.1019,-78.7217,299.95,84,97,8.71,CO,1717968403
46,tolanaro,-25.0319,46.9987,290.19,88,75,3.09,MG,1717968403
47,yellowknife,62.456,-114.3525,289.49,59,75,4.63,CA,1717968403
48,longyearbyen,78.2186,15.6401,276.06,65,75,6.17,SJ,1717968300
49,olonkinbyen,70.9221,-8.7187,272.31,82,45,7.81,SJ,1717968311
50,todos santos,23.45,-110.2167,308.87,66,31,2.52,MX,1717968403
51,san antonio de pale,-1.4014,5.6325,297.9,83,100,4.47,GQ,1717968404
52,arraial do cabo,-22.9661,-42.0278,297.07,78,0,6.17,BR,1717968324
53,adamstown,-25.066,-130.1015,295.62,73,100,4.42,PN,1717968404
54,edinburgh of the seven seas,-37.0676,-12.3116,286.64,84,75,7.02,SH,1717968311
55,tobol'sk,58.2,68.2667,286.26,86,59,2.68,RU,1717968404
56,katsuren-haebaru,26.3369,127.8719,297.58,96,75,0.0,JP,1717968404
57,angostura,25.3667,-108.1833,305.76,51,0,6.63,MX,1717968404
58,saldanha,-33.0117,17.9442,286.18,63,7,4.16,ZA,1717968404
59,whitehorse,60.7161,-135.0538,294.87,24,75,4.63,CA,1717968377
60,fort bragg,35.139,-79.006,305.88,47,75,3.13,US,1717968405
61,anahuac,27.2333,-100.15,312.9,30,3,4.19,MX,1717968405
62,dauphin,51.1494,-100.0502,287.23,67,100,3.09,CA,1717968405
63,murghob,38.1702,73.9667,276.28,71,100,0.92,TJ,1717968405
64,puerto ayora,-0.7393,-90.3518,301.13,94,75,1.79,EC,1717968405
65,invercargill,-46.4,168.35,280.94,81,100,3.13,NZ,1717968405
66,puerto san jose,13.9256,-90.8244,303.73,69,100,5.29,GT,1717968405
67,mogocha,53.7333,119.7667,282.91,97,100,1.41,RU,1717968405
68,inhambane,-23.865,35.3833,291.46,76,65,3.47,MZ,1717968406
69,san luis de la loma,17.2706,-100.8939,304.47,55,30,5.21,MX,1717968406
70,red hill,33.9996,-79.2581,308.22,48,79,5.57,US,1717968406
71,acapulco de juarez,16.8634,-99.8901,303.05,70,75,6.69,MX,1717968367
72,nar'yan-mar,67.6713,53.087,274.88,87,100,4.47,RU,1717968406
73,al ghayzah,16.2079,52.176,302.9,82,8,5.35,YE,1717968406
74,puerto natales,-51.7236,-72.4875,275.4,93,100,1.54,CL,1717968406
75,jamestown,42.097,-79.2353,294.0,42,100,10.29,US,1717968390
76,westport,41.1415,-73.3579,297.75,53,20,3.6,US,1717968379
77,smithers,54.7804,-127.1743,294.33,35,75,1.03,CA,1717968407
78,san julian,21.0167,-102.1667,302.09,22,100,2.92,MX,1717968407
79,sol'-iletsk,51.1631,54.9918,290.46,80,45,1.86,RU,1717968407
80,dogondoutchi,13.6393,4.0287,311.47,28,31,1.58,NE,1717968407
81,touros,-5.1989,-35.4608,299.0,82,97,6.58,BR,1717968407
82,ketchikan,55.3422,-131.6461,288.41,31,75,4.12,US,1717968383
83,ezequiel montes,20.6667,-99.8833,295.68,29,95,5.26,MX,1717968407
84,jabor,5.921,169.6434,301.8,75,54,6.2,MH,1717968408
85,keflavik,64.0049,-22.5624,283.1,71,0,4.63,IS,1717968408
86,stanley,54.868,-1.6985,283.92,80,20,1.03,GB,1717968408
87,thompson,55.7435,-97.8558,291.24,24,20,1.54,CA,1717968408
88,kailua-kona,19.6406,-155.9956,302.19,74,40,2.57,US,1717968408
89,calingasta,-31.3308,-69.4078,288.22,20,88,3.5,AR,1717968408
90,booue,-0.0921,11.9385,296.26,93,33,0.63,GA,1717968408
91,coahuayana de hidalgo,18.7,-103.6583,304.71,50,8,3.84,MX,1717968408
92,ilulissat,69.2167,-51.1,277.16,81,75,3.09,GL,1717968408
93,taksimo,56.3444,114.8794,283.2,70,1,0.45,RU,1717968409
94,kidal,18.4411,1.4078,310.49,15,2,1.09,ML,1717968409
95,tiksi,71.6872,128.8694,273.76,95,100,3.37,RU,1717968409
96,gorontalo,0.5412,123.0595,296.46,96,99,1.14,ID,1717968409
97,maceio,-9.6658,-35.7353,298.84,83,40,3.09,BR,1717968352
98,konarka,19.9,86.1167,302.37,84,74,6.96,IN,1717968409
99,guerrero negro,27.9769,-114.0611,294.13,58,4,7.15,MX,1717968409
100,hithadhoo,-0.6,73.0833,301.26,74,97,1.32,MV,1717968409
101,taroa,8.7058,171.2275,301.63,79,12,7.33,MH,1717968410
102,ribeira grande,38.5167,-28.7,293.37,83,40,6.69,PT,1717968410
103,tomatlan,19.9333,-105.25,304.42,46,0,5.47,MX,1717968410
104,cartagena,10.3997,-75.5144,301.94,74,75,2.06,CO,1717968195
105,sault ste. marie,46.5168,-84.3333,284.46,87,100,7.72,CA,1717968211
106,badger,64.8,-147.5333,299.46,32,75,4.63,US,1717968410
107,potosi,-19.5836,-65.7531,286.48,11,90,6.39,BO,1717968410
108,lihue,21.9789,-159.3672,301.73,66,0,5.66,US,1717968410
109,kerikeri,-35.2268,173.9474,290.88,95,91,0.89,NZ,1717968410
110,avarua,-21.2078,-159.775,297.18,50,20,3.6,CK,1717968410
111,estacion bamoa,25.7081,-108.3115,310.74,34,0,5.87,MX,1717968411
112,lubango,-14.9172,13.4925,289.01,42,6,1.34,AO,1717968377
113,kununurra,-15.7667,128.7333,285.14,82,4,0.0,AU,1717968291
114,tortoli,39.9256,9.6572,297.05,64,0,3.6,IT,1717968411
115,berdigestyakh,62.0989,126.6992,287.27,43,5,1.23,RU,1717968411
116,taounate,34.5,-4.8333,294.49,56,1,2.88,MA,1717968411
117,saint-pierre,-21.3393,55.4781,294.97,73,0,1.54,RE,1717968411
118,kavaratti,10.5669,72.642,301.25,83,100,6.1,IN,1717968411
119,kruisfontein,-34.0033,24.7314,284.03,78,0,1.62,ZA,1717968411
120,udachny,66.4167,112.4,290.07,34,99,2.28,RU,1717968412
121,itoman,26.1247,127.6694,297.58,96,75,1.54,JP,1717968412
122,ust-nera,64.5667,143.2,282.0,40,51,1.5,RU,1717968412
123,port mathurin,-19.6833,63.4167,297.36,81,38,7.77,MU,1717968412
124,san pedro de macoris,18.4616,-69.2972,304.22,73,100,4.44,DO,1717968412
125,kharp,66.8014,65.8081,279.66,86,98,2.38,RU,1717968412
126,alindao,5.0267,21.2088,294.59,96,100,1.49,CF,1717968413
127,hermanus,-34.4187,19.2345,284.71,78,15,3.67,ZA,1717968413
128,manggar,-2.8833,108.2667,301.06,82,58,3.33,ID,1717968413
129,quellon,-43.1167,-73.6167,283.27,85,89,3.57,CL,1717968413
130,qaqortoq,60.7167,-46.0333,281.18,87,99,2.73,GL,1717968413
131,chios,38.3678,26.1358,302.07,21,0,2.06,GR,1717968413
132,biysk,52.5364,85.2072,288.21,94,75,2.2,RU,1717968369
133,bim son,20.0781,105.8603,299.32,94,100,0.13,VN,1717968414
134,kennesaw,34.0234,-84.6155,306.6,53,40,6.17,US,1717968414
135,anadyr,64.75,177.4833,282.43,61,0,5.0,RU,1717968414
136,vila velha,-20.3297,-40.2925,295.12,83,20,2.57,BR,1717968377
137,melekeok village,7.4957,134.6367,297.46,100,75,0.0,PW,1717968414
138,floro,61.5996,5.0328,284.19,87,75,11.32,NO,1717968320
139,chibougamau,49.9168,-74.3659,286.94,94,100,2.57,CA,1717968414
140,truckee,39.328,-120.1833,302.91,34,20,5.14,US,1717968115
141,uturoa,-16.7333,-151.4333,299.68,81,96,5.06,PF,1717968414
142,al qusiyah,27.4402,30.8184,303.26,20,0,3.96,EG,1717968415
143,antsiranana,-12.2787,49.2917,296.32,72,7,6.16,MG,1717968415
144,west island,-12.1568,96.8225,300.14,83,40,1.54,CC,1717968415
145,maua,-23.6678,-46.4614,297.79,80,33,1.94,BR,1717968415
146,el fasher,13.6279,25.3494,303.69,39,87,3.8,SD,1717968415
147,lincheng,19.9078,109.6858,298.87,90,100,2.86,CN,1717968415
148,al bayda',32.7627,21.7551,292.15,52,0,0.56,LY,1717968415
149,darasun,51.6667,114.0,283.55,94,53,0.82,RU,1717968416
150,rio grande,-32.035,-52.0986,297.21,80,100,4.79,BR,1717968298
151,bonthe,7.5264,-12.505,300.37,79,49,2.75,SL,1717968416
152,okhotsk,59.3833,143.3,279.0,87,16,2.82,RU,1717968416
153,margaret river,-33.95,115.0667,288.54,60,99,10.38,AU,1717968416
154,georgetown,5.4112,100.3354,300.11,87,40,2.57,MY,1717968279
155,palmdale,34.5794,-118.1165,304.86,31,0,7.2,US,1717968416
156,iqaluit,63.7506,-68.5145,278.0,52,40,5.14,CA,1717968416
157,sinan,34.8262,126.1086,291.21,80,100,3.1,KR,1717968417
158,alice springs,-23.7,133.8833,276.9,93,0,2.06,AU,1717968417
159,haiku-pauwela,20.9219,-156.3051,302.72,62,20,8.75,US,1717968367
160,san patricio,28.017,-97.5169,309.2,49,21,7.17,US,1717968417
161,bangassou,4.7413,22.8184,293.9,99,99,1.22,CF,1717968417
162,sitka,57.0531,-135.33,284.09,76,75,2.06,US,1717968417
163,callao,-12.0667,-77.15,297.83,68,100,3.6,PE,1717968203
164,yangambi,0.8102,24.4336,297.37,74,100,1.36,CD,1717968417
165,kajaani,64.2273,27.7285,283.18,93,100,2.06,FI,1717968417
166,mugia,43.1041,-9.2179,287.54,83,46,10.72,ES,1717968418
167,sinabang,2.4803,96.3801,299.03,82,100,1.65,ID,1717968418
168,puerto lopez,4.0845,-72.956,301.28,82,69,1.44,CO,1717968418
169,auki,-8.7676,160.7034,299.78,88,100,1.67,SB,1717968418
170,codrington,-38.2667,141.9667,278.23,91,71,3.46,AU,1717968418
171,benjamin aceval,-24.9667,-57.5667,303.12,33,6,3.35,PY,1717968418
172,alofi,-19.0595,-169.9187,296.09,83,100,6.17,NU,1717968418
173,aix-les-bains,45.6834,5.9224,291.01,94,100,2.06,FR,1717968419
174,tralee,52.2704,-9.7026,285.43,94,100,6.71,IE,1717968419
175,puerto aysen,-45.4,-72.7,280.34,99,100,1.34,CL,1717968284
176,taishan,22.2514,112.7799,298.56,92,99,1.35,CN,1717968419
177,barcelos,41.5388,-8.6151,294.09,88,76,0.69,PT,1717968419
178,utrik,11.2278,169.8474,301.14,81,61,6.75,MH,1717968419
179,fortuna,40.5982,-124.1573,292.0,79,75,7.72,US,1717968419
180,boyolangu,-8.1181,111.8935,296.92,98,65,0.47,ID,1717968419
181,san sebastian de la gomera,28.0916,-17.1133,295.58,78,0,0.51,ES,1717968419
182,rongelap,11.1635,166.8941,301.59,81,76,7.08,MH,1717968420
183,yelizovo,53.1873,158.3805,289.23,59,75,4.0,RU,1717968420
184,dom pedro,-4.4833,-44.45,300.71,69,100,1.53,BR,1717968420
185,porto novo,6.4965,2.6036,301.05,85,39,4.18,BJ,1717968177
186,port moresby,-9.4431,147.1797,297.59,91,34,3.9,PG,1717968420
187,saipan,15.1355,145.701,302.54,74,20,5.66,MP,1717968420
188,berezovyy,51.6667,135.7,285.04,99,100,2.33,RU,1717968420
189,pacific grove,36.6177,-121.9166,297.16,77,0,6.17,US,1717968420
190,saint-tropez,43.2693,6.6398,295.05,77,28,2.71,FR,1717968421
191,douentza,14.9951,-2.9517,311.46,22,0,1.32,ML,1717968421
192,egilsstadir,65.2653,-14.3948,279.1,70,75,8.75,IS,1717968421
193,tura,25.5198,90.2201,297.74,96,30,3.46,IN,1717968421
194,sungai penuh,-2.0833,101.3833,290.89,95,73,1.93,ID,1717968421
195,lebu,-37.6167,-73.65,285.88,84,99,7.22,CL,1717968421
196,luling,29.9322,-90.3665,308.7,63,40,3.6,US,1717968421
197,melfort,52.8667,-104.6177,286.22,54,85,2.57,CA,1717968421
198,al musayyib,32.7833,44.2825,310.63,11,75,5.87,IQ,1717968422
199,namibe,-15.1961,12.1522,293.5,86,76,1.3,AO,1717968422
200,recani,31.2846,-4.2688,304.02,11,22,6.12,MA,1717968422
201,vilyuysk,63.7553,121.6247,287.04,75,36,2.68,RU,1717968422
202,krasnoarmeysk,51.0239,45.6969,290.75,77,15,2.04,RU,1717968422
203,les cayes,18.2,-73.75,302.18,72,100,3.21,HT,1717968132
204,arteche,12.2645,125.4048,299.87,87,100,0.7,PH,1717968423
205,clearwater,27.9659,-82.8001,308.24,63,0,4.63,US,1717968126
206,montorio,42.5847,-3.7772,283.72,91,92,4.38,ES,1717968423
207,idri,27.5,13.2667,303.12,12,0,3.33,LY,1717968423
208,palikir - national government center,6.9248,158.1611,301.56,84,100,1.54,FM,1717968423
209,hotan,37.0997,79.9269,293.48,39,35,0.78,CN,1717968423
210,tofol,5.3248,163.0078,302.08,76,100,6.17,FM,1717968423
211,tazovsky,67.4667,78.7,274.06,87,100,2.61,RU,1717968424
212,enewetak,11.3474,162.3373,301.41,83,100,7.3,MH,1717968424
213,zhoucun,36.8167,117.8167,298.37,35,84,0.61,CN,1717968424
214,nelidovo,56.2211,32.7774,286.48,85,49,3.31,RU,1717968424
215,fort myers shores,26.7092,-81.7459,308.18,57,0,4.12,US,1717968424
216,jutai,-5.1833,-68.9,301.47,73,83,1.42,BR,1717968424
217,vrangel',42.7297,133.0839,286.05,94,48,1.57,RU,1717968424
218,papao,-17.75,-149.55,302.97,84,96,7.99,PF,1717968424
219,nizhniy odes,63.6445,54.856,284.32,90,100,0.88,RU,1717968424
220,troitsko-pechorsk,62.7084,56.1964,287.98,80,100,2.68,RU,1717968425
221,newman,37.3138,-121.0208,304.39,16,56,0.58,US,1717968425
222,la'ie,21.6477,-157.9253,302.13,69,23,2.24,US,1717968425
223,shingu,33.7333,135.9833,292.03,94,99,3.94,JP,1717968425
224,ambovombe,-25.1667,46.0833,290.83,69,82,6.07,MG,1717968425
225,minas de marcona,-15.2119,-75.1103,289.39,64,30,6.35,PE,1717968425
226,toktogul,41.8708,72.9402,291.47,60,54,1.65,KG,1717968425
227,ierapetra,35.01,25.7353,300.45,33,0,3.58,GR,1717968425
228,altinyayla,39.2725,36.751,284.99,92,4,2.49,TR,1717968426
229,crane,31.3974,-102.3501,310.94,11,98,1.92,US,1717968426
230,timmins,48.4669,-81.3331,281.05,93,100,7.72,CA,1717968206
231,naze,28.3667,129.4833,295.66,85,100,3.04,JP,1717968426
232,veraval,20.9,70.3667,302.52,79,36,6.92,IN,1717968426
233,salalah,17.0151,54.0924,303.2,84,75,3.6,OM,1717968426
234,colonia,50.9333,6.95,287.51,68,0,3.09,DE,1717968144
235,hasaki,35.7333,140.8333,291.37,90,100,3.46,JP,1717968426
236,queenstown,-31.8976,26.8753,282.03,54,0,2.55,ZA,1717968308
237,devils lake,48.1128,-98.8651,293.21,44,20,6.17,US,1717968427
238,la sarre,48.8002,-79.1996,280.39,92,100,5.27,CA,1717968340
239,bartonville,40.6503,-89.652,300.55,29,40,5.66,US,1717968427
240,filingue,14.3521,3.3168,310.52,30,3,1.81,NE,1717968427
241,mejit,10.2753,170.8646,301.22,80,56,7.55,MH,1717968427
242,afaahiti,-17.75,-149.2833,302.08,83,97,6.18,PF,1717968189
243,caleta de carquin,-11.0925,-77.6267,292.83,74,100,4.21,PE,1717968427
244,kudahuvadhoo,2.6708,72.8944,301.62,76,68,4.46,MV,1717968427
245,xinyuan,37.3,99.0,281.02,61,100,0.76,CN,1717968427
246,huancabamba,-5.2386,-79.4506,292.66,80,68,1.02,PE,1717968428
247,aksu,41.1231,80.2644,296.49,33,13,2.22,CN,1717968428
248,ambalangoda,6.2355,80.0538,300.0,84,85,4.49,LK,1717968428
249,roosevelt,33.9668,-103.4505,304.08,27,100,8.78,US,1717968246
250,hoima,1.4356,31.3436,291.52,74,30,0.79,UG,1717968428
251,bengkulu,-3.8004,102.2655,297.26,91,73,1.68,ID,1717968428
252,brookings,44.3114,-96.7984,297.09,43,20,7.2,US,1717968428
253,ancud,-41.8697,-73.8203,283.89,81,70,6.0,CL,1717968429
254,hawaiian paradise park,19.5933,-154.9731,300.88,64,0,3.09,US,1717968429
255,kodiak,57.79,-152.4072,280.88,93,100,11.32,US,1717968429
256,dongning,44.0622,131.1207,287.13,85,28,1.75,CN,1717968429
257,ulladulla,-35.35,150.4667,281.2,88,17,3.49,AU,1717968429
258,wad medani,14.4012,33.5199,300.73,64,81,12.82,SD,1717968429
259,manta,-0.95,-80.7333,297.03,78,75,7.72,EC,1717968359
260,kone,-21.0595,164.8658,295.86,74,100,0.53,NC,1717968430
261,enriquillo,17.9,-71.2333,303.97,67,100,4.06,DO,1717968430
262,ola,59.5833,151.2833,278.23,91,100,1.46,RU,1717968430
263,kyzylorda,44.8528,65.5092,294.16,60,20,2.0,KZ,1717968430
264,happy valley-goose bay,53.3168,-60.3315,295.32,49,40,9.77,CA,1717968430
265,constantia,44.1833,28.65,294.65,75,55,6.21,RO,1717968169
266,port saint john's,-31.6229,29.5448,289.4,66,0,2.53,ZA,1717968430
267,trincomalee,8.5711,81.2335,300.85,78,100,9.79,LK,1717968430
268,metahara,8.9,39.9167,300.7,42,59,3.08,ET,1717968431
269,remire-montjoly,4.9167,-52.2667,302.17,79,20,2.57,GF,1717968431
270,forster,-32.1667,152.5167,279.42,100,5,4.88,AU,1717968431
271,turochak,52.2576,87.1224,287.2,98,65,0.57,RU,1717968431
272,campeni,46.3667,23.05,289.79,94,16,0.88,RO,1717968431
273,labytnangi,66.6572,66.4183,280.03,85,88,2.96,RU,1717968432
274,gantang,26.92,119.6333,295.85,99,100,0.44,CN,1717968432
275,parham,17.0968,-61.7705,302.61,68,40,5.14,AG,1717968432
276,st. john's,47.5649,-52.7093,286.08,89,75,10.8,CA,1717968162
277,mizdah,31.4451,12.9801,303.96,20,62,5.68,LY,1717968432
278,acarau,-2.8856,-40.12,298.67,88,80,4.46,BR,1717968432
279,severo-yeniseyskiy,60.3725,93.0408,281.25,98,90,1.34,RU,1717968432
280,tamandare,-8.7597,-35.1047,298.71,79,16,4.1,BR,1717968432
281,nolinsk,57.5596,49.9363,285.43,80,68,0.96,RU,1717968432
282,muar,2.0442,102.5689,299.17,77,70,2.66,MY,1717968433
283,kirakira,-10.4544,161.9205,300.83,84,69,4.27,SB,1717968310
284,taoudenni,22.6783,-3.9836,312.49,11,7,5.91,ML,1717968433
285,nuevo ideal,24.8875,-105.0728,303.48,13,1,6.06,MX,1717968433
286,ascension,30.2169,-90.9001,308.72,56,75,1.54,US,1717968433
287,shetpe,44.1667,52.1167,299.29,37,64,6.51,KZ,1717968433
288,hadibu,12.65,54.0333,301.18,78,100,6.65,YE,1717968433
289,goure,13.9835,10.2704,305.21,11,32,2.56,NE,1717968434
290,pyay,18.8167,95.2167,300.2,80,84,1.54,MM,1717968434
291,east london,-33.0153,27.9116,288.76,68,0,2.55,ZA,1717968434
292,ciudad bolivar,8.1222,-63.5497,303.31,66,100,3.81,VE,1717968434
293,khost,33.3395,69.9204,297.08,36,0,1.16,AF,1717968434
294,port elizabeth,-33.918,25.5701,282.31,87,0,2.06,ZA,1717968137
295,labrador city,52.9463,-66.9114,298.25,38,75,5.14,CA,1717968434
296,yamada,39.4667,141.95,289.92,94,100,2.67,JP,1717968434
297,puerto ayacucho,5.6639,-67.6236,298.16,92,100,0.89,VE,1717968435
298,san andres,12.5847,-81.7006,301.16,89,20,3.09,CO,1717968435
299,mana,5.6592,-53.7767,300.6,81,49,3.2,GF,1717968435
300,mount gambier,-37.8333,140.7667,278.25,84,100,2.3,AU,1717968435
301,broken hill,-31.95,141.4333,283.27,65,72,2.54,AU,1717968435
302,jumla,29.2747,82.1838,284.34,65,0,2.12,NP,1717968435
303,trairi,-3.2778,-39.2689,298.7,88,89,3.31,BR,1717968249
304,tabou,4.423,-7.3528,299.03,88,98,4.41,CI,1717968435
305,jutiapa,14.2833,-89.9,300.87,64,100,3.7,GT,1717968436
306,noosa heads,-26.3833,153.15,284.88,78,5,2.59,AU,1717968436
307,tawau,4.2498,117.8871,298.22,84,77,2.12,MY,1717968436
308,sawakin,19.1059,37.3321,305.62,57,100,4.09,SD,1717968436
309,reguiba,33.5639,6.7033,308.18,16,40,2.57,DZ,1717968436
310,maintirano,-18.0667,44.0167,297.43,73,2,5.8,MG,1717968436
311,aasiaat,68.7098,-52.8699,275.22,90,82,2.02,GL,1717968436
312,al burayqah,30.4062,19.5739,296.71,66,0,3.2,LY,1717968436
313,port alfred,-33.5906,26.891,289.01,63,0,3.66,ZA,1717968437
314,tubarjal,30.4999,38.216,301.26,26,0,9.04,SA,1717968437
315,aripuana,-9.1667,-60.6333,304.04,42,53,0.54,BR,1717968437
316,ga-rankuwa,-25.6169,27.9947,282.46,54,0,1.93,ZA,1717968437
317,nueva loja,0.0847,-76.8828,303.16,58,40,1.54,EC,1717968437
318,trondheim,63.4305,10.3951,285.2,87,100,3.45,NO,1717968279
319,hudson,40.7168,-74.0663,299.27,43,40,6.71,US,1717968438
320,baiti,13.745,-14.7482,307.84,35,79,3.12,SN,1717968438
321,sinop,41.7711,34.8709,289.77,70,64,2.22,TR,1717968283
322,hammerfest,70.6634,23.6821,285.4,66,0,4.12,NO,1717968438
323,vostochnyy,55.8167,37.8667,290.98,62,68,0.87,RU,1717968438
324,novodvinsk,64.4165,40.8122,283.03,84,1,2.51,RU,1717968438
325,sanandaj,35.3144,46.9923,297.16,25,40,2.06,IR,1717968438
326,afua,-0.1567,-50.3867,298.48,92,94,2.08,BR,1717968439
327,el alto,-4.2714,-81.2147,295.96,74,30,7.61,PE,1717968189
328,fortaleza,-3.7227,-38.5247,301.6,78,20,4.12,BR,1717968214
329,bamboo flat,11.7,92.7167,298.2,100,75,2.57,IN,1717968439
330,akhtubinsk,48.2795,46.1722,296.48,49,90,3.39,RU,1717968439
331,saint-philippe,-21.3585,55.7679,294.92,84,51,4.3,RE,1717968439
332,dakhla,23.6848,-15.958,294.16,83,0,9.26,EH,1717968439
333,lerwick,60.1545,-1.1494,282.15,79,100,9.87,GB,1717968439
334,north side,19.35,-81.2,303.19,86,40,4.63,KY,1717968439
335,turkmenbasy,40.0222,52.9552,298.58,47,0,3.09,TM,1717968440
336,pont rouge,48.8833,-72.0825,289.31,85,100,0.95,CA,1717968440
337,new norfolk,-42.7826,147.0587,278.55,94,34,0.84,AU,1717968440
338,borskoye,53.0333,51.7167,290.38,86,81,0.6,RU,1717968440
339,susuman,62.7833,148.1667,280.36,46,23,0.45,RU,1717968440
340,viedma,-40.8135,-62.9967,286.73,53,49,3.9,AR,1717968440
341,puerto maldonado,-12.6,-69.1833,305.37,55,0,2.06,PE,1717968440
342,qahderijan,32.5767,51.455,294.68,16,21,3.61,IR,1717968440
343,lazaro cardenas,17.9583,-102.2,302.94,58,20,5.62,MX,1717968362
344,palmer,42.1584,-72.3287,294.94,59,75,5.14,US,1717968396
345,fuerte olimpo,-21.0415,-57.8738,306.27,26,100,4.18,PY,1717968250
346,tadine,-21.55,167.8833,296.56,88,100,2.93,NC,1717968441
347,arenapolis,-14.4503,-56.8461,302.11,37,6,1.57,BR,1717968321
348,fort st. john,56.2499,-120.8529,284.09,71,100,0.0,CA,1717968441
349,vadso,70.0744,29.7487,278.64,93,100,7.2,NO,1717968441
350,margate,51.3813,1.3862,287.76,68,95,1.34,GB,1717968441
351,lethem,3.3803,-59.7968,300.18,89,40,3.09,GY,1717968441
352,gizo,-8.103,156.8419,301.47,78,47,2.62,SB,1717968310
353,nykobing mors,56.7933,8.8528,284.89,80,7,9.47,DK,1717968442
354,tambura,5.6,27.4667,292.97,96,100,1.63,SS,1717968312
355,kingscliff,-28.2667,153.5667,286.35,100,70,1.54,AU,1717968442
356,tateyama,34.9833,139.8667,292.09,91,100,5.11,JP,1717968442
357,thurso,58.5927,-3.5259,282.29,85,87,7.53,GB,1717968442
358,sao jose da coroa grande,-8.8978,-35.1478,298.94,78,12,4.55,BR,1717968442
359,mirnyy,62.5353,113.9611,283.84,83,9,2.68,RU,1717968442
360,sao gabriel da cachoeira,-0.1303,-67.0892,301.04,83,0,1.03,BR,1717968442
361,teuva,62.4819,21.7416,280.14,89,88,3.82,FI,1717968442
362,mollendo,-17.0231,-72.0147,290.66,77,56,2.86,PE,1717968443
363,taltal,-25.4,-70.4833,291.13,65,37,2.84,CL,1717968443
364,casablanca,33.5928,-7.6192,293.89,68,5,2.68,MA,1717968443
365,asau,46.4333,26.4,292.64,92,65,2.31,RO,1717968443
366,holualoa,19.6228,-155.9522,300.12,77,40,2.57,US,1717968443
367,ciudad lazaro cardenas,17.9583,-102.2,302.94,58,20,5.62,MX,1717968375
368,zeya,53.75,127.2667,285.09,68,100,1.29,RU,1717968443
369,tshikapa,-6.4167,20.8,295.48,35,64,1.02,CD,1717968443
370,galle,6.0367,80.217,300.22,83,88,4.89,LK,1717968443
371,sarnia,42.9787,-82.4041,292.22,77,100,4.12,CA,1717968444
372,mount isa,-20.7333,139.5,281.02,76,3,1.54,AU,1717968444
373,urjala,61.0833,23.5333,282.2,87,67,3.41,FI,1717968444
374,stara tura,48.7772,17.6943,292.53,91,0,4.12,SK,1717968444
375,korla,41.7597,86.1469,298.57,27,33,3.68,CN,1717968444
376,nkove,-7.95,30.85,295.28,51,10,5.02,TZ,1717968444
377,zaozersk,69.4005,32.4476,276.97,92,84,6.18,RU,1717968444
378,nuuk,64.1835,-51.7216,278.49,93,100,16.46,GL,1717968444
379,peniche,39.3558,-9.3811,291.09,89,100,4.67,PT,1717968445
380,pisco,-13.7,-76.2167,291.18,88,100,3.09,PE,1717968446
381,klaksvik,62.2266,-6.589,280.66,80,99,13.94,FO,1717968446
382,torghay,49.6339,63.4981,293.87,72,2,5.39,KZ,1717968447
383,cherokee,34.2668,-84.4499,306.14,56,40,4.63,US,1717968447
384,faya-largeau,17.9257,19.1043,308.45,9,6,3.11,TD,1717968447
385,coronel oviedo,-25.4167,-56.45,302.31,33,3,3.57,PY,1717968447
386,yichun,47.7,128.9,284.75,95,81,1.1,CN,1717968447
387,mount pearl,47.5166,-52.7813,285.62,89,75,10.8,CA,1717968447
388,paracuru,-3.41,-39.0306,301.54,89,76,3.75,BR,1717968447
389,fale old settlement,-9.3852,-171.2468,301.58,76,77,3.94,TK,1717968447
390,tavda,58.0425,65.2726,287.42,79,100,2.24,RU,1717968448
391,neiafu,-18.65,-173.9833,297.53,69,75,3.09,TO,1717968448
392,vernon,50.2581,-119.2691,303.01,21,83,1.54,CA,1717968375
393,usinsk,65.9939,57.5281,280.41,92,100,5.81,RU,1717968448
394,portland,45.5234,-122.6762,299.63,55,40,2.57,US,1717968435
395,gonabad,34.3529,58.6837,299.03,17,0,2.34,IR,1717968448
396,chonchi,-42.6128,-73.8092,282.59,87,32,2.05,CL,1717968448
397,barra de santo antonio,-9.4047,-35.5072,298.75,77,4,5.21,BR,1717968449
398,flying fish cove,-10.4217,105.6791,298.97,88,100,4.12,CX,1717968449
399,altinekin,38.3078,32.8686,291.46,59,32,3.35,TR,1717968449
400,tamale,9.4008,-0.8393,302.65,60,38,5.13,GH,1717968449
401,kapuskasing,49.4169,-82.4331,280.2,93,100,5.14,CA,1717968449
402,howrah,22.5892,88.3103,304.15,89,40,5.14,IN,1717968449
403,petrolina,-9.3986,-40.5008,303.18,42,0,4.63,BR,1717968449
404,kenai,60.5544,-151.2583,289.27,49,20,7.2,US,1717968449
405,greymouth,-42.4667,171.2,286.83,96,100,1.94,NZ,1717968450
406,tekkali,18.6167,84.2333,301.08,84,100,2.24,IN,1717968450
407,katsuura,35.1333,140.3,291.59,93,100,5.93,JP,1717968450
408,la palma,33.8464,-118.0467,300.79,66,75,5.14,US,1717968450
409,cogealac,44.55,28.5667,294.29,76,70,1.59,RO,1717968450
410,bako,5.7833,36.5667,290.23,88,55,1.95,ET,1717968450
411,sao tome,0.3365,6.7273,297.9,84,66,4.58,ST,1717968450
412,jiayuguan,39.8167,98.3,293.69,16,100,3.14,CN,1717968451
413,gaiman,-43.2897,-65.4929,285.78,62,3,5.91,AR,1717968451
414,oliva,38.9197,-0.1194,298.06,69,82,1.79,ES,1717968451
415,revda,56.801,59.9303,284.32,99,93,1.04,RU,1717968451
416,kapa'a,22.0752,-159.319,302.14,73,0,5.66,US,1717968451
417,turbiv,49.3479,28.7212,289.51,94,89,2.44,UA,1717968451
418,uliastay,47.7417,96.8444,283.21,73,39,1.65,MN,1717968451
419,shchigry,51.8755,36.9043,287.05,82,94,1.65,RU,1717968452
420,katima mulilo,-17.5,24.2667,287.29,56,3,1.97,NA,1717968452
421,timbuktu,16.7735,-3.0074,311.89,16,0,2.94,ML,1717968452
422,wenatchee,47.4235,-120.3103,302.86,38,0,2.57,US,1717968393
423,bastrop,32.7562,-91.8724,308.54,51,40,1.54,US,1717968349
424,boca do acre,-8.7522,-67.3978,303.42,56,96,1.17,BR,1717968452
425,tataouine,32.9297,10.4518,304.69,26,97,2.13,TN,1717968452
426,bairnsdale,-37.8333,147.6167,279.85,95,0,2.98,AU,1717968452
427,ormara,25.2088,64.6357,301.34,89,0,6.06,PK,1717968452
428,nuku'alofa,-21.1333,-175.2,297.34,69,20,5.66,TO,1717968453
429,cachoeira do sul,-30.0392,-52.8939,294.57,78,13,2.66,BR,1717968453
430,priozersk,61.0393,30.1291,284.23,88,100,4.06,RU,1717968453
431,agios nikolaos,35.1914,25.7133,300.24,33,0,3.14,GR,1717968453
432,zamania,25.4333,83.5667,308.55,18,0,2.79,IN,1717968453
433,waingapu,-9.6567,120.2641,296.37,86,60,4.3,ID,1717968453
434,klyuchi,52.2667,79.1667,290.24,85,99,2.23,RU,1717968453
435,mahdia,35.5047,11.0622,297.12,61,85,3.81,TN,1717968453
436,nova sintra,14.8667,-24.7167,296.88,80,0,8.81,CV,1717968453
437,santa maria da boa vista,-8.8078,-39.8256,301.32,34,9,5.45,BR,1717968454
438,kiunga,-6.1219,141.2906,296.81,100,100,0.69,PG,1717968454
439,newbiggin-by-the-sea,55.1853,-1.5147,284.26,82,20,1.03,GB,1717968454
440,selfoss,63.9331,-20.9971,283.73,62,12,3.68,IS,1717968454
441,coquimbo,-29.9533,-71.3436,288.0,72,0,3.09,CL,1717968319
442,bodo,67.28,14.405,288.68,54,0,2.57,NO,1717968454
443,brezina,33.0989,1.2608,302.78,17,6,2.46,DZ,1717968454
444,al kharijah,25.4514,30.5464,303.49,17,0,3.71,EG,1717968454
445,jinchang,38.4953,102.1739,297.82,20,100,3.28,CN,1717968455
446,rampur,28.8167,79.0333,304.39,16,0,3.47,IN,1717968455
447,kralendijk,12.15,-68.2667,304.14,74,40,9.26,BQ,1717968455
448,permet,40.2336,20.3517,293.76,66,14,2.55,AL,1717968455
449,datca,36.7378,27.6842,299.12,74,0,2.93,TR,1717968455
450,moyale,3.5167,39.0584,295.14,60,100,4.6,KE,1717968455
451,solleftea,63.1667,17.2667,283.07,95,100,1.78,SE,1717968455
452,mutuali,-14.8706,37.0044,287.52,94,47,1.59,MZ,1717968455
453,jacksonville,30.3322,-81.6556,312.03,32,20,4.63,US,1717968370
454,ugoofaaru,5.6667,73.0,302.01,76,93,7.26,MV,1717968456
455,maputsoe,-28.8833,27.9,278.51,61,1,0.6,LS,1717968456
456,chernyshevskiy,63.0128,112.4714,284.61,71,15,1.04,RU,1717968456
457,north saanich,48.6663,-123.4193,295.29,66,40,3.6,CA,1717968456
458,bidur,4.1167,101.2833,296.79,92,99,1.5,MY,1717968456
459,prymors'k,46.7348,36.3443,294.31,68,0,2.94,UA,1717968456
460,flin flon,54.7682,-101.865,289.06,41,20,3.09,CA,1717968456
461,aral,40.5156,81.2636,298.33,30,100,3.48,CN,1717968457
462,sal rei,16.1833,-22.9167,295.82,83,13,5.93,CV,1717968457
463,den burg,53.0542,4.7972,286.14,76,100,4.63,NL,1717968457
464,nabire,-3.3667,135.4833,297.67,93,99,1.44,ID,1717968457
465,talara,-4.5772,-81.2719,297.57,64,0,8.07,PE,1717968457
466,atafu village,-8.5421,-172.5159,301.6,72,72,3.51,TK,1717968457
467,amursk,50.2261,136.8994,287.03,99,100,2.07,RU,1717968457
468,demre,36.2537,29.9777,297.91,46,0,1.91,TR,1717968457
469,cidade velha,14.9167,-23.6167,296.41,78,20,6.17,CV,1717968458
470,poletayevo,55.0336,61.1138,286.36,98,100,3.75,RU,1717968458
471,north bend,43.4065,-124.2243,295.51,77,75,8.23,US,1717968458
472,harper,4.375,-7.7169,298.84,89,99,4.32,LR,1717968458
473,livingston,55.9029,-3.5226,283.48,74,75,3.6,GB,1717968458
474,buncrana,55.1333,-7.45,279.93,87,69,3.35,IE,1717968458
475,filadelfia,39.9523,-75.1638,300.79,41,75,8.23,US,1717968408
476,merizo village,13.2658,144.6691,302.03,87,59,6.09,GU,1717968458
477,cesky tesin,49.7461,18.6261,293.97,85,100,2.39,CZ,1717968458
478,saudarkrokur,65.7461,-19.6394,277.72,93,83,3.76,IS,1717968459
479,puerto deseado,-47.7503,-65.8938,279.66,93,100,6.36,AR,1717968269
480,ad dilam,23.9915,47.1627,308.38,11,0,3.04,SA,1717968459
481,aykhal,66.0,111.5,289.34,44,100,1.76,RU,1717968459
482,jitauna,-14.0189,-39.8889,294.43,98,73,1.32,BR,1717968459
483,yung shue wan,22.2333,114.1167,301.3,89,33,0.45,HK,1717968459
484,sour el ghozlane,36.1477,3.6912,291.72,44,55,2.62,DZ,1717968459
485,yuzhno-kurilsk,44.0306,145.8556,284.47,93,100,4.14,RU,1717968459
486,bria,6.5423,21.9863,294.28,97,100,1.44,CF,1717968460
487,likiep,9.8251,169.3107,301.59,78,27,6.63,MH,1717968460
488,anzio,41.4853,12.6179,296.96,85,97,7.24,IT,1717968460
489,tabas,33.5959,56.9244,302.27,12,0,2.06,IR,1717968460
490,padang,-0.9492,100.3543,298.18,86,98,2.18,ID,1717968460
491,ilhabela,-23.7781,-45.3581,293.99,86,13,2.07,BR,1717968240
492,la huacana,18.9667,-101.8167,311.01,24,32,1.5,MX,1717968460
493,geraldton,-28.7667,114.6,292.38,68,100,5.14,AU,1717968460
494,funafuti,-8.5243,179.1942,303.15,79,75,1.03,TV,1717968461
495,santa ana,33.7456,-117.8678,301.82,63,75,5.14,US,1717968461
496,wisconsin rapids,44.3836,-89.8174,294.11,55,100,5.14,US,1717968461
497,sabang,5.8933,95.3214,302.53,73,100,8.83,ID,1717968461
498,kingston,17.997,-76.7936,303.68,74,20,9.77,JM,1717968454
499,okha,53.5739,142.9478,278.29,95,100,5.36,RU,1717968461
500,naivasha,-0.7167,36.4359,288.21,94,91,1.23,KE,1717968462
501,orumiyeh,37.5527,45.0761,289.9,67,40,3.09,IR,1717968362
502,playa vicente,17.8333,-95.8167,315.59,20,100,2.65,MX,1717968462
503,uvinza,-5.1036,30.3911,290.76,63,31,0.87,TZ,1717968462
504,merowe,18.4833,31.8167,309.62,11,1,4.97,SD,1717968462
505,reggane,26.7158,0.1714,311.72,12,23,3.88,DZ,1717968463
506,bolivar,37.6145,-93.4105,296.81,64,83,5.24,US,1717968463
507,madera,37.1666,-119.8343,306.14,27,84,2.98,US,1717968463
508,lagos,6.5833,3.75,298.61,91,70,3.1,NG,1717968285
509,sanya,18.2431,109.505,300.24,94,40,1.0,CN,1717968463
510,cameron,26.117,-97.5169,310.23,59,0,7.72,US,1717968463
511,nemuro,43.3236,145.575,283.47,94,100,6.32,JP,1717968464
512,shamva,-17.3116,31.5756,288.7,46,99,2.03,ZW,1717968464
513,tongouson,5.0214,120.1328,300.93,79,25,1.87,PH,1717968464
514,kpandae,8.4689,-0.0113,298.76,84,64,1.4,GH,1717968464
515,gadzhiyevo,69.2551,33.3362,278.04,91,24,3.72,RU,1717968464
516,nambucca heads,-30.65,153.0,280.37,79,0,3.09,AU,1717968465
517,borogontsy,62.6683,131.1683,285.37,57,81,2.85,RU,1717968465
518,akjoujt,19.6969,-14.4164,309.87,20,80,3.41,MR,1717968465
519,kodinsk,58.6881,99.1844,285.06,99,100,1.54,RU,1717968465
520,dunedin,-45.8742,170.5036,280.82,97,100,4.02,NZ,1717968465
521,puerto baquerizo moreno,-0.9,-89.6,298.7,78,75,4.63,EC,1717968466
522,saint-joseph,-21.3667,55.6167,294.36,82,26,4.62,RE,1717968466
523,mossel bay,-34.1831,22.146,283.11,78,6,2.52,ZA,1717968466
524,sharkawshchyna,55.3713,27.4706,283.74,95,3,2.23,BY,1717968466
525,vysokiy,58.35,60.05,282.67,96,30,1.59,RU,1717968466
526,chintamani,13.4,78.0667,295.34,78,47,7.75,IN,1717968466
527,prince rupert,54.3161,-130.3201,285.98,76,100,3.09,CA,1717968466
528,amga,60.8953,131.9608,287.44,62,4,0.66,RU,1717968466
529,toliara,-23.35,43.6667,290.57,69,0,6.63,MG,1717968467
530,sejenane,37.0572,9.2381,294.68,73,73,2.4,TN,1717968370
531,kotlas,61.2611,46.6556,283.74,97,70,2.24,RU,1717968467
532,lamu,-2.2717,40.902,299.35,78,45,8.18,KE,1717968467
533,boende,-0.2167,20.8667,299.55,57,100,0.57,CD,1717968467
534,minokamo,35.482,137.0217,291.66,94,100,1.45,JP,1717968467
535,roma,43.2128,-75.4557,291.89,60,20,8.75,US,1717968467
536,ma'ili,21.4219,-158.1803,302.16,56,20,5.14,US,1717968468
537,saint-denis,48.9167,2.3333,289.23,51,0,4.12,FR,1717968360
538,cidreira,-30.1811,-50.2056,292.62,85,4,3.68,BR,1717968468
539,hilo,19.7297,-155.09,301.0,65,0,3.09,US,1717968468
540,essaouira,31.5125,-9.77,292.87,82,20,2.57,MA,1717968468
541,muynoq,43.7683,59.0214,301.89,31,100,2.48,UZ,1717968468
542,maydanshakhr,34.3956,68.8662,288.35,46,0,1.62,AF,1717968468
543,wapi pathum,15.8452,103.3768,301.11,80,100,3.34,TH,1717968468
544,onverwacht,5.5833,-55.1833,302.07,94,40,3.09,SR,1717968468
